first_name,last_name,company_name,address,city,county,state,Age
James,Butt,"Benton, John B Jr",6649 N Blue Gum St,New Orleans,Orleans,LA,23
Josephine,Darakjy,"Chanay, Jeffrey A Esq",4 B Blue Ridge Blvd,Brighton,Livingston,MI,24
Art,Venere,"Chemel, James L Cpa",8 W Cerritos Ave #54,Bridgeport,Gloucester,NJ,25
Lenna,Paprocki,Feltz Printing Service,639 Main St,Anchorage,Anchorage,AK,26
Donette,Foller,Printing Dimensions,34 Center St,Hamilton,Butler,OH,27
Simona,Morasca,"Chapman, Ross E Esq",3 Mcauley Dr,Ashland,Ashland,OH,28
Mitsue,Tollner,Morlong Associates,7 Eads St,Chicago,Cook,IL,29
Leota,Dilliard,Commercial Press,7 W Jackson Blvd,San Jose,Santa Clara,CA,30
Sage,Wieser,Truhlar And Truhlar Attys,5 Boston Ave #88,Sioux Falls,Minnehaha,SD,31
